model,accuracy,precision,recall,f1
LSTM postprocessed [Stage 3],0.5307941653160454,0.3582089552238806,0.1908548707753479,0.2490272373540856
