model,accuracy,precision,recall,f1
LSTM postprocessed [Stage 3],0.4497568881685575,0.20860927152317882,0.12524850894632206,0.1565217391304348
