model,accuracy,precision,recall,f1
Linear Regression,0.5893719806763285,0.0,0.0,0.0
Logistic Regression,0.5410628019323671,0.45901639344262296,0.6588235294117647,0.5410628019323671
