model,accuracy,precision,recall,f1
LSTM [Stage 3],0.5388978930307942,0.3125,0.10934393638170974,0.16200294550810015
